insert into PERSON (ID, FIRSTNAME, LASTNAME) values (1, 'Petar', 'Petrovic');
insert into PERSON (ID, FIRSTNAME, LASTNAME) values (2, 'Jovan', 'Jovic');
insert into PERSON (ID, FIRSTNAME, LASTNAME) values (3, 'Zika', 'Zivkovic');
insert into PERSON (ID, FIRSTNAME, LASTNAME) values (4, 'Ana', 'Bozic');
insert into PERSON (ID, FIRSTNAME, LASTNAME) values (5, 'Milica', 'Ilic');
insert into NUMBER (PERSONID, NUMBER) values (1,'021/219417');
insert into NUMBER (PERSONID, NUMBER) values (1,'069/8294145');
insert into NUMBER (PERSONID, NUMBER) values (2,'021/784452');
insert into NUMBER (PERSONID, NUMBER) values (3,'021/121365');
insert into NUMBER (PERSONID, NUMBER) values (1,'065/2819417');
insert into NUMBER (PERSONID, NUMBER) values (3,'061/2361458');
insert into NUMBER (PERSONID, NUMBER) values (4,'021/011015');
insert into NUMBER (PERSONID, NUMBER) values (4,'063/4557412');
insert into NUMBER (PERSONID, NUMBER) values (5,'021/008892');
insert into NUMBER (PERSONID, NUMBER) values (5,'064/8852146');
insert into NUMBER (PERSONID, NUMBER) values (3,'066/3663304');
insert into NUMBER (PERSONID, NUMBER) values (2,'069/3725081');
insert into NUMBER (PERSONID, NUMBER) values (5,'063/5325412');
insert into ADDRESS (PERSONID, ADDRESS) values (1,'Gogoljeva 3');
insert into ADDRESS (PERSONID, ADDRESS) values (1,'Bulevar oslobodjenja 72');
insert into ADDRESS (PERSONID, ADDRESS) values (2,'Bulevar cara Lazara 30');
insert into ADDRESS (PERSONID, ADDRESS) values (3,'Strazilovska 13');
insert into ADDRESS (PERSONID, ADDRESS) values (4,'Heroja Pinkija 9');
insert into ADDRESS (PERSONID, ADDRESS) values (4,'Stevana Mokranjca 9');
insert into ADDRESS (PERSONID, ADDRESS) values (5,'Narodnog fronta 21');
insert into EMAIL (PERSONID, EMAIL) values (1,'ppetrovic@gmail.com');
insert into EMAIL (PERSONID, EMAIL) values (1,'perapetrovic@yahoo.com');
insert into EMAIL (PERSONID, EMAIL) values (2,'joca@gmail.com');
insert into EMAIL (PERSONID, EMAIL) values (2,'jovanjj@hotmail.com');
insert into EMAIL (PERSONID, EMAIL) values (3,'zikica@yahoo.com');
insert into EMAIL (PERSONID, EMAIL) values (4,'anabozic90@gmail.com');
insert into EMAIL (PERSONID, EMAIL) values (5,'micailic@live.com');
insert into EMAIL (PERSONID, EMAIL) values (5,'milicm@gmail.com');
insert into NOTE (PERSONID, NOTE) values (5,'KBDkajbfja');
insert into NOTE (PERSONID, NOTE) values (5,'asfcma;lsfma;');
insert into NOTE (PERSONID, NOTE) values (4,'aslkfnalkwf');
insert into NOTE (PERSONID, NOTE) values (4,'afvafnajwn');
insert into NOTE (PERSONID, NOTE) values (3,'afclanfh');
insert into NOTE (PERSONID, NOTE) values (3,'asvchawofjwsnc');
insert into NOTE (PERSONID, NOTE) values (2,'awfcjawfbnjencf');
insert into NOTE (PERSONID, NOTE) values (2,'cflwsnfciwjsc');
insert into NOTE (PERSONID, NOTE) values (1,'lcnvalskncfpao');